"Interval start","All Packets"
0,1
60,0
120,0
180,0
240,951697
300,1.16003e+06
360,406961
420,1.0946e+06
480,1.13223e+06
540,182773
600,15531
660,14942
720,556940
780,2985